source,target,value
1Hg3xpt3y4EApuCEB8wfotBWYex1wB5EkN,15D53stooH3QKghv7q3efyQS5SGtCxJdNu,74268665
1Hg3xpt3y4EApuCEB8wfotBWYex1wB5EkN,1SGxktUnLZ4JG4r2TtsKMN9txf3Boq4Ln,86670509
1EWGuV3zWdWfPDZKGn6poBjZMMemTvLr45,1Hg3xpt3y4EApuCEB8wfotBWYex1wB5EkN,236998450
1Hg3xpt3y4EApuCEB8wfotBWYex1wB5EkN,15D53stooH3QKghv7q3efyQS5SGtCxJdNu,169939174
1Hg3xpt3y4EApuCEB8wfotBWYex1wB5EkN,1SGxktUnLZ4JG4r2TtsKMN9txf3Boq4Ln,169939174
1EWGuV3zWdWfPDZKGn6poBjZMMemTvLr45,1Jn58cfvxSZ4Q8nH4f9LFCXKUyH7Xr9e8U,67005036
1EWGuV3zWdWfPDZKGn6poBjZMMemTvLr45,1Hg3xpt3y4EApuCEB8wfotBWYex1wB5EkN,169939174
1PR1NwihxUJ6chYX7YPyDqbhgQ7G6Q866D,1EWGuV3zWdWfPDZKGn6poBjZMMemTvLr45,239757370
1Hg3xpt3y4EApuCEB8wfotBWYex1wB5EkN,15D53stooH3QKghv7q3efyQS5SGtCxJdNu,74268665
1Hg3xpt3y4EApuCEB8wfotBWYex1wB5EkN,1SGxktUnLZ4JG4r2TtsKMN9txf3Boq4Ln,86670509
1EWGuV3zWdWfPDZKGn6poBjZMMemTvLr45,1Hg3xpt3y4EApuCEB8wfotBWYex1wB5EkN,236998450
1Hg3xpt3y4EApuCEB8wfotBWYex1wB5EkN,15D53stooH3QKghv7q3efyQS5SGtCxJdNu,74268665
1Hg3xpt3y4EApuCEB8wfotBWYex1wB5EkN,1SGxktUnLZ4JG4r2TtsKMN9txf3Boq4Ln,86670509
1EWGuV3zWdWfPDZKGn6poBjZMMemTvLr45,1Hg3xpt3y4EApuCEB8wfotBWYex1wB5EkN,236998450
1Jn58cfvxSZ4Q8nH4f9LFCXKUyH7Xr9e8U,16nncvKsgPLrcvEZ8i14NjE5fN24igWgQE,1080375
1Jn58cfvxSZ4Q8nH4f9LFCXKUyH7Xr9e8U,1MXRmh9moRFQhWda26snDEtX2LZLzW6Z8X,65870421
3Ni7n2nZZe1CHbRGaQ8P3RmiH8Ljr2Lvad,1Jn58cfvxSZ4Q8nH4f9LFCXKUyH7Xr9e8U,496712
34YxD6tLAaNEHpSy3TTxqJtS6BQk4K2dpB,1Jn58cfvxSZ4Q8nH4f9LFCXKUyH7Xr9e8U,910000
3KtJdRZ5r8UNrit7YjxtpLtpqbDa35LhAx,1Jn58cfvxSZ4Q8nH4f9LFCXKUyH7Xr9e8U,994000
3EnY8WkN4dPrudsKRAtRGW18asV2Ai2HUs,1Jn58cfvxSZ4Q8nH4f9LFCXKUyH7Xr9e8U,2034281
3QwZ9gvkwetjYhhFSNRau7DFR1fcWRNVa1,1Jn58cfvxSZ4Q8nH4f9LFCXKUyH7Xr9e8U,1000000
3J8V6M7P5pTNVGnrHS4spMh1ob4Y7koz3G,1Jn58cfvxSZ4Q8nH4f9LFCXKUyH7Xr9e8U,3019000
3JVYUy6rco4hpYU5jqAPCrED1aGfATUXzW,1Jn58cfvxSZ4Q8nH4f9LFCXKUyH7Xr9e8U,3624412
3F77NNFNfPg5QPQRrReEtEnfPfrWes1XBn,1Jn58cfvxSZ4Q8nH4f9LFCXKUyH7Xr9e8U,11800803
36e6AxRujFpnGLaXXSbDoUargCj2tFb7Qf,1Jn58cfvxSZ4Q8nH4f9LFCXKUyH7Xr9e8U,6707133
33rP7SweCrD88XbWrmtaBoZkUmR5uzVJN4,1Jn58cfvxSZ4Q8nH4f9LFCXKUyH7Xr9e8U,402150768
3DXNLgGtdbR35ER3kbPH2ep6V4EjrKPvw1,1Jn58cfvxSZ4Q8nH4f9LFCXKUyH7Xr9e8U,497000
393Mu4suW2NyyyFJD5bRMT7kKVnCjjUdea,1Jn58cfvxSZ4Q8nH4f9LFCXKUyH7Xr9e8U,500000
3KfWZqwvYsRyhknpzYEpu8XvT8HdJ97p5a,1Jn58cfvxSZ4Q8nH4f9LFCXKUyH7Xr9e8U,1070300
3PoJrudoCU3d3EyhfSeJyQzo8U4ZJy6kwa,1Jn58cfvxSZ4Q8nH4f9LFCXKUyH7Xr9e8U,656781
3BUerhjxveHW9viMXUmaGKuZnZ4AJuhTR4,1Jn58cfvxSZ4Q8nH4f9LFCXKUyH7Xr9e8U,2483053
3LMTbjEFgwFvb5oxTnj8vVX5MP5vmDdTei,1Jn58cfvxSZ4Q8nH4f9LFCXKUyH7Xr9e8U,4924281
3QXS9AKw3CXYR15BRhuVs2FPXYqX75iAYz,1Jn58cfvxSZ4Q8nH4f9LFCXKUyH7Xr9e8U,2000000
39sHj5jHqmagBdV21iYkC3mTuR9qciB8of,1Jn58cfvxSZ4Q8nH4f9LFCXKUyH7Xr9e8U,1000000
3Df5o9cnGDTy1BJkzXPaBScRE46BWH6ySr,1Jn58cfvxSZ4Q8nH4f9LFCXKUyH7Xr9e8U,2206758
3NXPfAReGVtYaGQqevVxh6kyZpT3BGQowf,1Jn58cfvxSZ4Q8nH4f9LFCXKUyH7Xr9e8U,100000000
3AGULnup6BcRSU5YA6nNE1HF868kk9JPXt,1Jn58cfvxSZ4Q8nH4f9LFCXKUyH7Xr9e8U,832000
3Cq1JetNHkxfZ5Ye2t9bJB6E1NeY6YPpJh,1Jn58cfvxSZ4Q8nH4f9LFCXKUyH7Xr9e8U,980000
32xzDJqJw93UDeVFNT491ivLw1cSZMSPgG,1Jn58cfvxSZ4Q8nH4f9LFCXKUyH7Xr9e8U,980000
37auJoCg82ehFPz5DqF311DKqUSnfC73B2,1Jn58cfvxSZ4Q8nH4f9LFCXKUyH7Xr9e8U,4966000
39K5ZGjbz2CSgK26evGVdyCLfgvt7GKqdn,1Jn58cfvxSZ4Q8nH4f9LFCXKUyH7Xr9e8U,45421657
32iPiUFn6WaC8emywFU3FzMPQMBvQPpgHP,1Jn58cfvxSZ4Q8nH4f9LFCXKUyH7Xr9e8U,1069731
3K42StiuEN5ApGe9v2ibmYfAbExsgBXamU,1Jn58cfvxSZ4Q8nH4f9LFCXKUyH7Xr9e8U,994000
387nozv3PJdoXVRH6oNEbLMD5kKkSksfqT,1Jn58cfvxSZ4Q8nH4f9LFCXKUyH7Xr9e8U,5215000
3B5491J4QAELYv2Gg6rTEg5BGWsNprd1Sc,1Jn58cfvxSZ4Q8nH4f9LFCXKUyH7Xr9e8U,14650000
31myALLuNnWLmFNdx8vpe95SnDuzPMeZw6,1Jn58cfvxSZ4Q8nH4f9LFCXKUyH7Xr9e8U,263048478
1EWGuV3zWdWfPDZKGn6poBjZMMemTvLr45,1Jn58cfvxSZ4Q8nH4f9LFCXKUyH7Xr9e8U,236998450
1Fezw25LE7tuZR2GbAVmXynCygtVhRHv21,1Jn58cfvxSZ4Q8nH4f9LFCXKUyH7Xr9e8U,343954901
33emwgaZ3K2GAV9hrSbxNAEZTpKNumuRx2,1Jn58cfvxSZ4Q8nH4f9LFCXKUyH7Xr9e8U,428930
3AiMscofjPxggcqC8WNMtpuKFKXU6Xinud,1Jn58cfvxSZ4Q8nH4f9LFCXKUyH7Xr9e8U,500000
3BfhSz3MzJ2EP7ES4wLPeUAAYL6sU7NpGD,1Jn58cfvxSZ4Q8nH4f9LFCXKUyH7Xr9e8U,498024
31kqLeQW8ypdVjMvfXysUXQjvDpiJyfVXo,1Jn58cfvxSZ4Q8nH4f9LFCXKUyH7Xr9e8U,500000
35XHTgoXAqvnPu6HPYjw1FZ2YjfHvVC8ko,1Jn58cfvxSZ4Q8nH4f9LFCXKUyH7Xr9e8U,501658
3Br8YCo9aQ5AecqiKQs8tyuti1g5VsYZow,1Jn58cfvxSZ4Q8nH4f9LFCXKUyH7Xr9e8U,500000
3HM5Yf6sFtUXAxGb2tn4gS8FZwV3eCZqUq,1Jn58cfvxSZ4Q8nH4f9LFCXKUyH7Xr9e8U,502000
34V3vm2B3KerS95ov9eEgfKYCXKsmWEqR4,1Jn58cfvxSZ4Q8nH4f9LFCXKUyH7Xr9e8U,600000
3HC26mgW6frbZaKZ1WG9HjviU86pVPffyD,1Jn58cfvxSZ4Q8nH4f9LFCXKUyH7Xr9e8U,500000
3DzaWPYH42f7T42sFJ5K7CEnNfsRWAvS2M,1Jn58cfvxSZ4Q8nH4f9LFCXKUyH7Xr9e8U,753000
3Pe47gTUPMU4GkVaCEvzZeavTJejUCLD8w,1Jn58cfvxSZ4Q8nH4f9LFCXKUyH7Xr9e8U,502000
3LLsbS7jEnpLgNkfBmZp2BCjeQiMesSmsF,1Jn58cfvxSZ4Q8nH4f9LFCXKUyH7Xr9e8U,502000
368tL7HiUEvRYUJRfKjsm8X3723KexXSyC,1Jn58cfvxSZ4Q8nH4f9LFCXKUyH7Xr9e8U,551824
35xUbp2kJ93PcCgC3aNpwbwjSeyLHCjkvS,1Jn58cfvxSZ4Q8nH4f9LFCXKUyH7Xr9e8U,958000
3EijSjzmini9tmSTRVLnPMhdwCk1zQPVfu,1Jn58cfvxSZ4Q8nH4f9LFCXKUyH7Xr9e8U,1581314
3CBw7g2oeAT6LC67E1iCb2ReYWxzip5SxT,1Jn58cfvxSZ4Q8nH4f9LFCXKUyH7Xr9e8U,1003900
32FUyndApNpn6DcnQ4u3mXu4LnwLvVGnYy,1Jn58cfvxSZ4Q8nH4f9LFCXKUyH7Xr9e8U,602000
3QWG4MHu5a2fpW9c89HCYX1xXmQ4oRyG1n,1Jn58cfvxSZ4Q8nH4f9LFCXKUyH7Xr9e8U,670768
38SWh4ifErbs5nwPd1Z3xt4P7gSUExzJN6,1Jn58cfvxSZ4Q8nH4f9LFCXKUyH7Xr9e8U,501309
3CaKhiyG98Musipncm6un1nPiZ78ioqjAa,1Jn58cfvxSZ4Q8nH4f9LFCXKUyH7Xr9e8U,831000
35XrQpbHz5tULDSVeMu9frAD3KyZYvzvGv,1Jn58cfvxSZ4Q8nH4f9LFCXKUyH7Xr9e8U,1003320
3JSB8xHTkzu5wVEsM6T7z5Ld4FRjdb257y,1Jn58cfvxSZ4Q8nH4f9LFCXKUyH7Xr9e8U,1549960
3CHKyuieof6gQoBqxCU5cXi6nhmCw8skd2,1Jn58cfvxSZ4Q8nH4f9LFCXKUyH7Xr9e8U,581991
3DV8pL3TjV7MMrBusBjdfbmkNn1YqpeDro,1Jn58cfvxSZ4Q8nH4f9LFCXKUyH7Xr9e8U,2000000
38woqhcsfe9wFhEYhZaxjkH45Wxn2K8TuZ,1Jn58cfvxSZ4Q8nH4f9LFCXKUyH7Xr9e8U,734600
34va9nPvHxYWK2uxh9WiHe7fmpMNdSJETx,1Jn58cfvxSZ4Q8nH4f9LFCXKUyH7Xr9e8U,2751114
38JGhX7XhJbquZQXNNM3pEdzQCiewnbzAi,1Jn58cfvxSZ4Q8nH4f9LFCXKUyH7Xr9e8U,1080000
3FBG8RG5iCiTo8Dvajf5oURQ1KPRdfqLsR,1Jn58cfvxSZ4Q8nH4f9LFCXKUyH7Xr9e8U,2006000
344SZpWPB8eWCLDkreouavFkvPnbLtFPTq,1Jn58cfvxSZ4Q8nH4f9LFCXKUyH7Xr9e8U,1744000
34GJbXDpMAbQ6vKjCx7iMZY3MrnuYejwca,1Jn58cfvxSZ4Q8nH4f9LFCXKUyH7Xr9e8U,1857000
34MGhGSyPbyHNzLhqygevhYNN6xsehny3y,1Jn58cfvxSZ4Q8nH4f9LFCXKUyH7Xr9e8U,1916657
375wYNge8biZQvShNeQKQ6TUMdNbWYzmq5,1Jn58cfvxSZ4Q8nH4f9LFCXKUyH7Xr9e8U,3349391
34SBJPm8iRN2Y9kDC1oejYqs5V5yGajWVF,1Jn58cfvxSZ4Q8nH4f9LFCXKUyH7Xr9e8U,2453007
33FGK8qdKBLmryHtCt1FA3snHWkb57YiNn,1Jn58cfvxSZ4Q8nH4f9LFCXKUyH7Xr9e8U,3008000
3GSXJMX2NgWsKTcEd2wvBYk1QAkRquTiLL,1Jn58cfvxSZ4Q8nH4f9LFCXKUyH7Xr9e8U,2649067
37ytvwREAQpgs2YYAr18NFqg2SoS1rwu82,1Jn58cfvxSZ4Q8nH4f9LFCXKUyH7Xr9e8U,1280000
329qv9eJ8MvNsqYZsDxK3mTg7CooG98eEM,1Jn58cfvxSZ4Q8nH4f9LFCXKUyH7Xr9e8U,1029669
3DmzAZhgDtKMfRTw6AHLpsD9wFfbh7TpuL,1Jn58cfvxSZ4Q8nH4f9LFCXKUyH7Xr9e8U,2177785
3GNzahLwhFEfCnhvWDebcbFoQz4kRHX9SS,1Jn58cfvxSZ4Q8nH4f9LFCXKUyH7Xr9e8U,502000
3FH9wkCHCn166uyz1Sx84HNT8grFivcdqP,1Jn58cfvxSZ4Q8nH4f9LFCXKUyH7Xr9e8U,1183000
31q1EcmRtprpV2UhVjyMyZXrAAFNoKkt3m,1Jn58cfvxSZ4Q8nH4f9LFCXKUyH7Xr9e8U,4211610
39o4K6TUephJXmErbdHB4EDprxcn2fBkXq,1Jn58cfvxSZ4Q8nH4f9LFCXKUyH7Xr9e8U,1080000
33tmYZNTBj4WFmjJXMrDTrHm8VpwKpq8FD,1Jn58cfvxSZ4Q8nH4f9LFCXKUyH7Xr9e8U,2204065
358PwieZWuh3RByByV6DvfofW3YQiM6WVB,1Jn58cfvxSZ4Q8nH4f9LFCXKUyH7Xr9e8U,2122000
3NWheUUXmPxPDWo71rJU61y9cbvz4Df7W1,1Jn58cfvxSZ4Q8nH4f9LFCXKUyH7Xr9e8U,2721000
3FbWeqru33vhEQNaLJUGxKGmn5h26wxd2D,1Jn58cfvxSZ4Q8nH4f9LFCXKUyH7Xr9e8U,3864900
3JevBAfYj7RsHfSuU5u3CGmXqCNQYcZFKX,1Jn58cfvxSZ4Q8nH4f9LFCXKUyH7Xr9e8U,2000000
3Axn4muSnU4kxwj4tXnAEwTBTzcUkFxzks,1Jn58cfvxSZ4Q8nH4f9LFCXKUyH7Xr9e8U,2550000
3DwDqxRCaXLdHHJbgRkj3ZLpnyRDfWu5Xf,1Jn58cfvxSZ4Q8nH4f9LFCXKUyH7Xr9e8U,80042973
3FPYjmr8RwJKsQ5WBJ5h8eu4B8oGyYRuHz,1Jn58cfvxSZ4Q8nH4f9LFCXKUyH7Xr9e8U,5303600
3FHhbevmH4A2j7mSHHA5wgFg9wbrJYWJxS,1Jn58cfvxSZ4Q8nH4f9LFCXKUyH7Xr9e8U,7529977
3KVgemZTFLCATYdeWW9SLHgZ7SEzycywL8,1Jn58cfvxSZ4Q8nH4f9LFCXKUyH7Xr9e8U,5518247
3PM7QHVvJgrAyA3zfLnwKbtDhM8fZ9TsYw,1Jn58cfvxSZ4Q8nH4f9LFCXKUyH7Xr9e8U,10034000
36p9n92FHak8DhoBEubgmkiP1NJKHR6QnE,1Jn58cfvxSZ4Q8nH4f9LFCXKUyH7Xr9e8U,21712247
3MdZSheHokffvYePH7qooXLF7nVJokgm1L,1Jn58cfvxSZ4Q8nH4f9LFCXKUyH7Xr9e8U,8290034
364hkVRJBBvicivLgGw9xZFUKvpGHeZJy9,1Jn58cfvxSZ4Q8nH4f9LFCXKUyH7Xr9e8U,7767019
3L8EicpnxftRLFTdEEy8o4nNptdatRawNX,1Jn58cfvxSZ4Q8nH4f9LFCXKUyH7Xr9e8U,15049763
3FUYH6xwZSED8sbxyYRbgUQbiftm4XjoQP,1Jn58cfvxSZ4Q8nH4f9LFCXKUyH7Xr9e8U,41487000
3Jd3fELzBWF8Mx3h8iMq6mUDrF3M3fe2Nw,1Jn58cfvxSZ4Q8nH4f9LFCXKUyH7Xr9e8U,44833706
38HWLPDbhrPTucBgMKeFnfawfcURzMgDUw,1Jn58cfvxSZ4Q8nH4f9LFCXKUyH7Xr9e8U,27666000
3HCbaa5y8Dd944zpAJgpKV2hqBouCvpvHL,1Jn58cfvxSZ4Q8nH4f9LFCXKUyH7Xr9e8U,15135699
3PUopSrnGt61nhTmcyyzTE9Mf4NUh8X2hm,1Jn58cfvxSZ4Q8nH4f9LFCXKUyH7Xr9e8U,210000000
35JydvkhxkZBJszGNKifyqhmLBTRfaNkmN,1Jn58cfvxSZ4Q8nH4f9LFCXKUyH7Xr9e8U,9500000
3Lc6vysuVvCGGbBeRX6JFRg8f9XNe6rhYm,1Jn58cfvxSZ4Q8nH4f9LFCXKUyH7Xr9e8U,8248966
3QQQx4Uvt8q4zaYxSjVd8X16tPD4BhwErE,1Jn58cfvxSZ4Q8nH4f9LFCXKUyH7Xr9e8U,350209552
3E8BMujAGpCPrsKea6qkKzFqpXpKC4HZDA,1Jn58cfvxSZ4Q8nH4f9LFCXKUyH7Xr9e8U,15116555
3ExjjxnX2mXL4WBa2aLaHcu5PNM4LWaWtY,1Jn58cfvxSZ4Q8nH4f9LFCXKUyH7Xr9e8U,173800945
31sABD1kCEyBu5e1nZbofnk472ppqiCZhf,1Jn58cfvxSZ4Q8nH4f9LFCXKUyH7Xr9e8U,1248446
3HodVopdzKi5P55omG87eoEmGPBRpb3gWF,1Jn58cfvxSZ4Q8nH4f9LFCXKUyH7Xr9e8U,288843408
38WG3P5D9XX6bXQMsJ6VnVNTGMxC32yQoT,1Jn58cfvxSZ4Q8nH4f9LFCXKUyH7Xr9e8U,2527000
3Mq7tmke9tSoh2PnVDPdmn7dzzGSxs7cou,1Jn58cfvxSZ4Q8nH4f9LFCXKUyH7Xr9e8U,2560000
348HsFbjApKDdq1arCN1eQjzcEkUyoyaUc,1Jn58cfvxSZ4Q8nH4f9LFCXKUyH7Xr9e8U,2586000
34DdwE8NRZRaxo8efJduL1dhJdugCFfD3U,1Jn58cfvxSZ4Q8nH4f9LFCXKUyH7Xr9e8U,2580000
3LSHNVfpSwyD3j8gF8K4CozCRysCCn7edX,1Jn58cfvxSZ4Q8nH4f9LFCXKUyH7Xr9e8U,2577000
31pbQs3gCW4qPagRnihLnSNwpxMNniK3eo,1Jn58cfvxSZ4Q8nH4f9LFCXKUyH7Xr9e8U,3015000
3KimU5ZQH6CbkYRfcS2QVriCLCV1XontUo,1Jn58cfvxSZ4Q8nH4f9LFCXKUyH7Xr9e8U,2938000
3L8Uz35n1xrwA9kRkR3ef8jEmgjEpbiZ2J,1Jn58cfvxSZ4Q8nH4f9LFCXKUyH7Xr9e8U,3000000
385tFkfGT4UC4bWEyMvcJhLKEXqE11bHJL,1Jn58cfvxSZ4Q8nH4f9LFCXKUyH7Xr9e8U,2900897
3QQABnyCMe3NhCk6wuKWBn18W7kwtshMLU,1Jn58cfvxSZ4Q8nH4f9LFCXKUyH7Xr9e8U,4159000
371aE1enS9f7PU2Q53XWnuPnoqC6qQabtP,1Jn58cfvxSZ4Q8nH4f9LFCXKUyH7Xr9e8U,5991000
3Dpumj1J5DCvKjW8EnyCaH3hqMenw3YNw9,1Jn58cfvxSZ4Q8nH4f9LFCXKUyH7Xr9e8U,5914000
3FFioM2yMc6GkeRqWbFr8urx11S5GQXpYh,1Jn58cfvxSZ4Q8nH4f9LFCXKUyH7Xr9e8U,3500000
3LgrB4f3DbELhV2EfxX51gCnCPXx5udagn,1Jn58cfvxSZ4Q8nH4f9LFCXKUyH7Xr9e8U,5807960
3Pe1e7xc3TnjJ7gByCsHo7ouaNSvhg6rnz,1Jn58cfvxSZ4Q8nH4f9LFCXKUyH7Xr9e8U,3537000
37HW5Ybu3p6g4VD5tCXw2gDdahuiE9RXYX,1Jn58cfvxSZ4Q8nH4f9LFCXKUyH7Xr9e8U,3277844
3JP8JfcxAG6KzXX8zGjovNFqi1VV86t7Qn,1Jn58cfvxSZ4Q8nH4f9LFCXKUyH7Xr9e8U,12672800
39s2arQMBxrm8uYWQyeZqmyE6mCgqcdYmc,1Jn58cfvxSZ4Q8nH4f9LFCXKUyH7Xr9e8U,3017000
3762mC3HSbjcDw1A9ykPp1ndYK6KGx5yko,1Jn58cfvxSZ4Q8nH4f9LFCXKUyH7Xr9e8U,5000000
3DCTJFd1PFoVBPr7Ca5gYasgNCXPESX6xx,1Jn58cfvxSZ4Q8nH4f9LFCXKUyH7Xr9e8U,5000000
3A558WCMHPyifrsgcRE6jobHQ2tEyJcz4M,1Jn58cfvxSZ4Q8nH4f9LFCXKUyH7Xr9e8U,5144000
383YiZFhFdn9b3PpySHvh5FpSEnJLGSz3s,1Jn58cfvxSZ4Q8nH4f9LFCXKUyH7Xr9e8U,6000000
3EC9LvckHVHB7An2crLFcaYzxNa7ARshyg,1Jn58cfvxSZ4Q8nH4f9LFCXKUyH7Xr9e8U,6030000
3Q9XQGqJtwq1iXXPQuy9WVmSp3S8m2cGCu,1Jn58cfvxSZ4Q8nH4f9LFCXKUyH7Xr9e8U,70700033
3GnnqSExEPdCXhN6N4sJPGTNunnigu9Qp7,1Jn58cfvxSZ4Q8nH4f9LFCXKUyH7Xr9e8U,12560000
35Y12hVQjQX9jmyL8h58CD1ghb9v7eWDDh,1Jn58cfvxSZ4Q8nH4f9LFCXKUyH7Xr9e8U,23512175
3JbmPGP5D9SMGrvonnijV4nGWSRFDesHAS,1Jn58cfvxSZ4Q8nH4f9LFCXKUyH7Xr9e8U,10769000
3DHWH6GQ6A564mvBwAgRyA71sKo8ov8vi7,1Jn58cfvxSZ4Q8nH4f9LFCXKUyH7Xr9e8U,11991000
3AdETbrESbjy2HeuqgZBimbfL4cPzzPt6Z,1Jn58cfvxSZ4Q8nH4f9LFCXKUyH7Xr9e8U,5808077
35Em4oW39eHoYnRJr7fxDbk6CcgFQnUkQR,1Jn58cfvxSZ4Q8nH4f9LFCXKUyH7Xr9e8U,5842000
37oL6mKArKXntej4xdQmz36jp9YX7mL4fH,1Jn58cfvxSZ4Q8nH4f9LFCXKUyH7Xr9e8U,4548008
3D3pVtmMrE6ALHunnHVZwVUwAm35UiU8bE,1Jn58cfvxSZ4Q8nH4f9LFCXKUyH7Xr9e8U,8741000
34fo478a6TLrSRsBWxNaFiN3CgRZc3qEZe,1Jn58cfvxSZ4Q8nH4f9LFCXKUyH7Xr9e8U,6075000
32sDon2fRV9JkEAcroBkTsiErd32GwEzv6,1Jn58cfvxSZ4Q8nH4f9LFCXKUyH7Xr9e8U,58269000
3Jvwno4ghqvcwnZze8cve1w1dvU3t679xT,1Jn58cfvxSZ4Q8nH4f9LFCXKUyH7Xr9e8U,28390000
39tURSqEj5xsvnTatZKmT7aqH8gDvzviT2,1Jn58cfvxSZ4Q8nH4f9LFCXKUyH7Xr9e8U,50000000
3Jy8v6FriiQjwGeaTkzXFLuNRic4wm1TeS,1Jn58cfvxSZ4Q8nH4f9LFCXKUyH7Xr9e8U,5886000
3NkQpRan1ANFKntSZePyXYCARTW3rEDoMq,1Jn58cfvxSZ4Q8nH4f9LFCXKUyH7Xr9e8U,55408327
3KepFTwFovKSLoTTZPBYBvp4dw8SeCH6gV,1Jn58cfvxSZ4Q8nH4f9LFCXKUyH7Xr9e8U,25849000
39f85JXcKweYaP5mv6DgKBRwbJGVd6Mozc,1Jn58cfvxSZ4Q8nH4f9LFCXKUyH7Xr9e8U,7463799
39mpP4FcW2dpTXZVk2uk7phKyxmP8wysrp,1Jn58cfvxSZ4Q8nH4f9LFCXKUyH7Xr9e8U,5959000
39ooBpiroudmVnRJjn1Z7wCbzks3wJodgq,1Jn58cfvxSZ4Q8nH4f9LFCXKUyH7Xr9e8U,5747429
1Jn58cfvxSZ4Q8nH4f9LFCXKUyH7Xr9e8U,1GnLLTjTc9So2t677zHV7CXBM4HZEtKhi8,4024547
1Jn58cfvxSZ4Q8nH4f9LFCXKUyH7Xr9e8U,1BvodUsa2v93RP9KUkwWWA7crdY4xcqDSV,498818300
1Jn58cfvxSZ4Q8nH4f9LFCXKUyH7Xr9e8U,1G8zWFpo4eqgkhAqKxx3RdVPMdbHiWW7r8,5607970
1Jn58cfvxSZ4Q8nH4f9LFCXKUyH7Xr9e8U,3JnkSWXGnYCNTWLoQ4o4G8RNDw6uctwpNg,2692906
37eU8haSUB42dUwJuWdt8NVeRQa1taxkK5,1Jn58cfvxSZ4Q8nH4f9LFCXKUyH7Xr9e8U,1338765
35ZL4SM6YfUiG8zu1eHX6duKDpisDX6byq,1Jn58cfvxSZ4Q8nH4f9LFCXKUyH7Xr9e8U,2947450
39jtxNLs4HFwHKU8jDomVN54GPPBFLMF2G,1Jn58cfvxSZ4Q8nH4f9LFCXKUyH7Xr9e8U,2249400
3CuaDthiqL8mrayZPq8VGR2nActWRnmddA,1Jn58cfvxSZ4Q8nH4f9LFCXKUyH7Xr9e8U,10157800
3CuaDthiqL8mrayZPq8VGR2nActWRnmddA,1Jn58cfvxSZ4Q8nH4f9LFCXKUyH7Xr9e8U,10157800
33jC7hhQ5VaXbr5KvmwfjcWpSJQ28fNuEV,1Jn58cfvxSZ4Q8nH4f9LFCXKUyH7Xr9e8U,3015000
3EdjYu4ZFXeq41ZbgT8jHwqiKrrnmSZny2,1Jn58cfvxSZ4Q8nH4f9LFCXKUyH7Xr9e8U,10838000
3NyUUiHyU5weCZBKdtwMVVeNrQK3s1MAwc,1Jn58cfvxSZ4Q8nH4f9LFCXKUyH7Xr9e8U,15000000
3QUyhAngFjM3YuUwwKmp5xCEPXYgozMc8y,1Jn58cfvxSZ4Q8nH4f9LFCXKUyH7Xr9e8U,10320314
33PSA2E4TBpE52Y4M64F57QNW6ND8eSSUk,1Jn58cfvxSZ4Q8nH4f9LFCXKUyH7Xr9e8U,27512196
3C68FYBgxD9ELMFj8fSLP95F6untv5hYgu,1Jn58cfvxSZ4Q8nH4f9LFCXKUyH7Xr9e8U,108377000
3CuaDthiqL8mrayZPq8VGR2nActWRnmddA,1Jn58cfvxSZ4Q8nH4f9LFCXKUyH7Xr9e8U,10157800
3785HuWkV3xFifR6BKJ3pwtwKFEdkS6QbW,1Jn58cfvxSZ4Q8nH4f9LFCXKUyH7Xr9e8U,3821800
3BtBrNF8ErZfCCsvjEsnnsFJPHPVDih365,1Jn58cfvxSZ4Q8nH4f9LFCXKUyH7Xr9e8U,13429588
3ME4e6tbrRKhPi3k4f2ps6VXyjmfuQmtcX,1Jn58cfvxSZ4Q8nH4f9LFCXKUyH7Xr9e8U,12942867
33NUyWCMZqpntVfRxHKQDGJ4wpd2m2QsAm,1Jn58cfvxSZ4Q8nH4f9LFCXKUyH7Xr9e8U,27157756299
36KmV1ahyVKej13jtuYfkt3St6PGh49SSv,1Jn58cfvxSZ4Q8nH4f9LFCXKUyH7Xr9e8U,277000
33BiFG6L7DdcW3h79oBGvt8Te8xo2DtFxg,1Jn58cfvxSZ4Q8nH4f9LFCXKUyH7Xr9e8U,282538
32oniT4qBhH3sbAvB8q6Fm7MBiCfphRPk2,1Jn58cfvxSZ4Q8nH4f9LFCXKUyH7Xr9e8U,305000
3HD6tvh8QjHUushHUyVPpnP1famyVUtcia,1Jn58cfvxSZ4Q8nH4f9LFCXKUyH7Xr9e8U,366649
3BrVHYoqU6nRXoHxaKaS4WcY5k5yqWcS2H,1Jn58cfvxSZ4Q8nH4f9LFCXKUyH7Xr9e8U,443000
3GyrHqjAC4qqwRh2tRSaAZVrHxZgi5Dv8f,1Jn58cfvxSZ4Q8nH4f9LFCXKUyH7Xr9e8U,465629
3HHSxTobdsXcRv9LCDrTgurgEZ4i5tPrk9,1Jn58cfvxSZ4Q8nH4f9LFCXKUyH7Xr9e8U,1106000
3BS3FmcbttqP1i5nKiBdEnvpPxgzd4uZem,1Jn58cfvxSZ4Q8nH4f9LFCXKUyH7Xr9e8U,500000
364wmk3ycUuZ1QYcTSjGn8axfSyKJ44KuX,1Jn58cfvxSZ4Q8nH4f9LFCXKUyH7Xr9e8U,480000
3DqZnviSj89UjxLbYwWCoy33yfhU8guakr,1Jn58cfvxSZ4Q8nH4f9LFCXKUyH7Xr9e8U,552973
3NqcBvt5UX1AfmJtQPyMcd67DM61yz7uNd,1Jn58cfvxSZ4Q8nH4f9LFCXKUyH7Xr9e8U,610000
3ExHGKkS83buLL92XH2Ra2wWNWzv6jQ2Mg,1Jn58cfvxSZ4Q8nH4f9LFCXKUyH7Xr9e8U,580000
3FS9H85F3r8BdZMKugtqpNNc6rMsjU5HWA,1Jn58cfvxSZ4Q8nH4f9LFCXKUyH7Xr9e8U,553449
3BAEnJsETWiArdM5V4NPVGCcS7VEJWMNzF,1Jn58cfvxSZ4Q8nH4f9LFCXKUyH7Xr9e8U,1308226
3BDxPyNKpJ8SWdwTcr77yJ131gkjkbJqcU,1Jn58cfvxSZ4Q8nH4f9LFCXKUyH7Xr9e8U,1409000
3QdmpyBMV28QRe5f3LUn8WddaeXrwGfk6v,1Jn58cfvxSZ4Q8nH4f9LFCXKUyH7Xr9e8U,880000
34GRqyWtqCeu1TWkMd6zNMeTGnnSAKQ8uf,1Jn58cfvxSZ4Q8nH4f9LFCXKUyH7Xr9e8U,600000
3N9LFVc1UuARMwSKUZx5uM2ZD5vAM9zXqG,1Jn58cfvxSZ4Q8nH4f9LFCXKUyH7Xr9e8U,599100
34awyF4xDaiXkzbUqCiECvT29JiHfTrfuC,1Jn58cfvxSZ4Q8nH4f9LFCXKUyH7Xr9e8U,1198300
3H5kWJhmvLdvPKoaFgS6zSJ6PPUVcJ5b4N,1Jn58cfvxSZ4Q8nH4f9LFCXKUyH7Xr9e8U,1110000
3AR9WgDVk1j4L143AfC6QaxNGJnWtAYHv7,1Jn58cfvxSZ4Q8nH4f9LFCXKUyH7Xr9e8U,689000
33XLhMsLMFBiCmGMuSegpf1A3cZdcx8TrN,1Jn58cfvxSZ4Q8nH4f9LFCXKUyH7Xr9e8U,988226
33oBSTQG787WN5fxfDoRQGQEskLL9uyHnt,1Jn58cfvxSZ4Q8nH4f9LFCXKUyH7Xr9e8U,822000
3NHsj3yUTQwkZuSRK9uqydGdszdXRUR7im,1Jn58cfvxSZ4Q8nH4f9LFCXKUyH7Xr9e8U,2766000
34rj2MyAnUSyuMgE6eDqMmupHnYoMahsdX,1Jn58cfvxSZ4Q8nH4f9LFCXKUyH7Xr9e8U,2500000
3AY4FoiyswZVHFiQQodj44DdcL7911riNb,1Jn58cfvxSZ4Q8nH4f9LFCXKUyH7Xr9e8U,785000
39GGT8XLvoaxJdWb9cjvbgLK3DY2DoSw66,1Jn58cfvxSZ4Q8nH4f9LFCXKUyH7Xr9e8U,1327400
324zNX1ugboezDkdeha4nLayvmd1JrHFhy,1Jn58cfvxSZ4Q8nH4f9LFCXKUyH7Xr9e8U,1657000
387cruHNbKZuSW75LAg8zcUmUmYS5hvQyJ,1Jn58cfvxSZ4Q8nH4f9LFCXKUyH7Xr9e8U,2208651
3Lwnk6eju5YAVsKzg4eZTarwp9wavFZr5z,1Jn58cfvxSZ4Q8nH4f9LFCXKUyH7Xr9e8U,2817000
3MmtPthatvPKwbVUo8XkxsyTn73cDPc9hJ,1Jn58cfvxSZ4Q8nH4f9LFCXKUyH7Xr9e8U,1659000
33vMK6wtEUszDGqvrjrzCAQCiwVnFrjn9x,1Jn58cfvxSZ4Q8nH4f9LFCXKUyH7Xr9e8U,1270691
3AvbFQ6aF7ZBRySv2vLXdMt7VQrWFi1Cyy,1Jn58cfvxSZ4Q8nH4f9LFCXKUyH7Xr9e8U,1381000
3PhVSnF7Nd2BT7trdM5JHnkpN9a7A5AJJW,1Jn58cfvxSZ4Q8nH4f9LFCXKUyH7Xr9e8U,1245584
32nMWHuPpSiK6pPN1nJuu6P8UjBS8cAHA9,1Jn58cfvxSZ4Q8nH4f9LFCXKUyH7Xr9e8U,853000
33EzG3VaEKGUrPmH5vPFp1eZiX5jsvoUjr,1Jn58cfvxSZ4Q8nH4f9LFCXKUyH7Xr9e8U,1363000
3QpwixWH9SLgbvwnfPkbYdYMeDdTN1Uq5X,1Jn58cfvxSZ4Q8nH4f9LFCXKUyH7Xr9e8U,1656488
38EURwSUsXZ4ewgGRESZoLrfh4JnSPARDf,1Jn58cfvxSZ4Q8nH4f9LFCXKUyH7Xr9e8U,3021000
3CjFYMM7ZJMzh7Sk24LFRgGLTYQC5gGWvH,1Jn58cfvxSZ4Q8nH4f9LFCXKUyH7Xr9e8U,2660000
38WT6zGpM7KG3W2VNR1DwgXkeabiwRSeE4,1Jn58cfvxSZ4Q8nH4f9LFCXKUyH7Xr9e8U,5576000
3M14HHnWyFBvAvUKiYAKroEaHhESNMXux6,1Jn58cfvxSZ4Q8nH4f9LFCXKUyH7Xr9e8U,6324749
33aLXW3MzPzKHyDcJY6xFzFyQyTyfqJZds,1Jn58cfvxSZ4Q8nH4f9LFCXKUyH7Xr9e8U,8290599
3LLh3yuaAqts9tSLGTyDbkmWY9BuzpP7pc,1Jn58cfvxSZ4Q8nH4f9LFCXKUyH7Xr9e8U,10351268
3BaQDHYytcvve5kvP2xSv8jT3zuBXQSapV,1Jn58cfvxSZ4Q8nH4f9LFCXKUyH7Xr9e8U,28470000
3LNsmMJY6FxUHm5Bp73Uf1rbM8McJAHsns,1Jn58cfvxSZ4Q8nH4f9LFCXKUyH7Xr9e8U,20783123
3PojzMFXRrTF4dE5WRojG5hHZdvNtreCMJ,1Jn58cfvxSZ4Q8nH4f9LFCXKUyH7Xr9e8U,21744000
357xbYfUq49ByNrb8hKacdNnSrn38gUpCL,1Jn58cfvxSZ4Q8nH4f9LFCXKUyH7Xr9e8U,44074571
3Ps49RvUx8RjqeiwpVdwCLKDZUDMhPWmee,1Jn58cfvxSZ4Q8nH4f9LFCXKUyH7Xr9e8U,23509259
3DdvJUyocnuB5SSxqTA2PctB5ADxD3HFtN,1Jn58cfvxSZ4Q8nH4f9LFCXKUyH7Xr9e8U,32908068
35yiTqrnnH5vYx8KZ4ojEYFuKs7iNHRJas,1Jn58cfvxSZ4Q8nH4f9LFCXKUyH7Xr9e8U,39631565
3FnaSTNdASq4ec4zhbHb5UCFoppm3NrRLz,1Jn58cfvxSZ4Q8nH4f9LFCXKUyH7Xr9e8U,96728240
37Ew5uNZPqdMRpAKTFTs1poN56LtJNKZWm,1Jn58cfvxSZ4Q8nH4f9LFCXKUyH7Xr9e8U,27855000
3Ps49RvUx8RjqeiwpVdwCLKDZUDMhPWmee,1Jn58cfvxSZ4Q8nH4f9LFCXKUyH7Xr9e8U,27438255
3PTwLFx6iCTsrYtkwVZ83nuD3ktGjrDXoJ,1Jn58cfvxSZ4Q8nH4f9LFCXKUyH7Xr9e8U,43688993
3A7qDhZQV4yzUxnyW7jQpBHnxeFuzWewdT,1Jn58cfvxSZ4Q8nH4f9LFCXKUyH7Xr9e8U,98000000
3HZcdk4MtYeeW9wGnojzcNQURqriZn55Bp,1Jn58cfvxSZ4Q8nH4f9LFCXKUyH7Xr9e8U,68599828
3E7oqVAe4sLSsGWkoMSrPyMaFZStnBGGHS,1Jn58cfvxSZ4Q8nH4f9LFCXKUyH7Xr9e8U,106180721
3EfBs6dhytTciphctsVqm1jTkS5mEyZ2Qx,1Jn58cfvxSZ4Q8nH4f9LFCXKUyH7Xr9e8U,82150000
31k4EbgDX2Gh9eJFLeKTYbHDTKG2qjkEit,1Jn58cfvxSZ4Q8nH4f9LFCXKUyH7Xr9e8U,221792134
374Y3XYzyoSeB43hqcnQyiZ1LwiUH3RnMs,1Jn58cfvxSZ4Q8nH4f9LFCXKUyH7Xr9e8U,10000000
3PjQEmisWi9ThMYXHExQfBVrjbTcq13UCa,1Jn58cfvxSZ4Q8nH4f9LFCXKUyH7Xr9e8U,48393713
379cA41sn7b1d3MdMDLaWCsdt9uh32YRan,1Jn58cfvxSZ4Q8nH4f9LFCXKUyH7Xr9e8U,3000000
3DLoYFKsLsoFFkCzjuRqecGTuqSrMPvm3B,1Jn58cfvxSZ4Q8nH4f9LFCXKUyH7Xr9e8U,10000000
3D2gNR34scRq31XL7H4SCkuprWcBxiNHCD,1Jn58cfvxSZ4Q8nH4f9LFCXKUyH7Xr9e8U,606991405
3ERVX93J3ktBNkZfN57Kh94gCY7VMEfbNW,1Jn58cfvxSZ4Q8nH4f9LFCXKUyH7Xr9e8U,1096052
3493jpoX3ZhdAWcAbr2XCWVCTKT9N2ZESg,1Jn58cfvxSZ4Q8nH4f9LFCXKUyH7Xr9e8U,2777778
3Fu8yb4q2LjWMPzFoyUvGtd6vy35HivQ71,1Jn58cfvxSZ4Q8nH4f9LFCXKUyH7Xr9e8U,1300000
3QnDhRZYi5zCiTxfWCTMcxhXAD8EKV6mg9,1Jn58cfvxSZ4Q8nH4f9LFCXKUyH7Xr9e8U,8000000
36drczQJB8CfB23Hjs95DbCtyMNzfGUhcX,1Jn58cfvxSZ4Q8nH4f9LFCXKUyH7Xr9e8U,3842986
3GpZ4VjxYbz4rJzWbirhUyRMGFAdFRzZE1,1Jn58cfvxSZ4Q8nH4f9LFCXKUyH7Xr9e8U,2222000
3493jpoX3ZhdAWcAbr2XCWVCTKT9N2ZESg,1Jn58cfvxSZ4Q8nH4f9LFCXKUyH7Xr9e8U,11185745
33u5XNSJFzdie3yHK8yKPMmXnjjho2J3oT,1Jn58cfvxSZ4Q8nH4f9LFCXKUyH7Xr9e8U,25765768
384oDwBLwmhDgm6TVPWWZPxmqgBX5kNojw,1Jn58cfvxSZ4Q8nH4f9LFCXKUyH7Xr9e8U,8153881
3HYWoYrvB73dEWL5eKh7NKP2MLzrwNMEV8,1Jn58cfvxSZ4Q8nH4f9LFCXKUyH7Xr9e8U,112541000
3493jpoX3ZhdAWcAbr2XCWVCTKT9N2ZESg,1Jn58cfvxSZ4Q8nH4f9LFCXKUyH7Xr9e8U,11764706
36KDwC8h2FgAJ1AczpTaAvUDWEfu4WjizX,1Jn58cfvxSZ4Q8nH4f9LFCXKUyH7Xr9e8U,14372000
3PtEvFaag79t7XzX43WNnmt4i9wsCNqqW4,1Jn58cfvxSZ4Q8nH4f9LFCXKUyH7Xr9e8U,3100000
39hpc6zgPGjaNgQHNMyALCKxaBACP66Lri,1Jn58cfvxSZ4Q8nH4f9LFCXKUyH7Xr9e8U,28725000
35A8AsKXVmkTMLrdAd4ftLochFWbaD9pBA,1Jn58cfvxSZ4Q8nH4f9LFCXKUyH7Xr9e8U,282000
348n2CTASt1RTNzqVvsUgJL1FoviDfzQzC,1Jn58cfvxSZ4Q8nH4f9LFCXKUyH7Xr9e8U,564000
34DaqN6fjYAMjoFEhQ87Bw8eEAQkwZbdSN,1Jn58cfvxSZ4Q8nH4f9LFCXKUyH7Xr9e8U,500000
3H45hKFdkiBRgKFAMD2pcoLZ2Jk7JHwrqW,1Jn58cfvxSZ4Q8nH4f9LFCXKUyH7Xr9e8U,749455
37nxRCsh9v3LPvS8X2oqiKXJCssggCU86D,1Jn58cfvxSZ4Q8nH4f9LFCXKUyH7Xr9e8U,90000000
3LfpM4coXcQHkn9d71yLXqnM7PrMUry8Wf,1Jn58cfvxSZ4Q8nH4f9LFCXKUyH7Xr9e8U,563224
37QWqmbpsCT22mvjt5eukDBjQnf2qK3Tie,1Jn58cfvxSZ4Q8nH4f9LFCXKUyH7Xr9e8U,1275441
35BJ3gCKeVVn5bSV3NzjPorEm6kvCaNERj,1Jn58cfvxSZ4Q8nH4f9LFCXKUyH7Xr9e8U,620000
365q54VHr2LP1NbcYqrw8VNa8pivc2nC92,1Jn58cfvxSZ4Q8nH4f9LFCXKUyH7Xr9e8U,56323000
3LJxKsyfR8CpkFocH9qinPgGKKj9C9rCpb,1Jn58cfvxSZ4Q8nH4f9LFCXKUyH7Xr9e8U,6700000
38XrB9N6g9HY16GF73DH5DSQTMPtPz9QsS,1Jn58cfvxSZ4Q8nH4f9LFCXKUyH7Xr9e8U,9723778
3EcNUHFJdAj3rpednf3nSEy4SLpqQ1mmdy,1Jn58cfvxSZ4Q8nH4f9LFCXKUyH7Xr9e8U,7125000
37WxMeR24GBJXDWqHRdataer8HwAqpb1be,1Jn58cfvxSZ4Q8nH4f9LFCXKUyH7Xr9e8U,140607500
3R27Z7t3Fk5D9JaekiwYrFXCTccrJ77Nox,1Jn58cfvxSZ4Q8nH4f9LFCXKUyH7Xr9e8U,510000
3CANPagwMJsK3Lyt4vM6hfqBSGuKZMQtnQ,1Jn58cfvxSZ4Q8nH4f9LFCXKUyH7Xr9e8U,330659686
35SHuS6fW9bA5J5sEQzE46Ya2hysUVQovN,1Jn58cfvxSZ4Q8nH4f9LFCXKUyH7Xr9e8U,593523
3NgkP5nY3FMu713uM25USjYM1M6m9hZgLw,1Jn58cfvxSZ4Q8nH4f9LFCXKUyH7Xr9e8U,1284622
37g2JDME1PFrCGet6rZssbL3qYg9CnhMp1,1Jn58cfvxSZ4Q8nH4f9LFCXKUyH7Xr9e8U,2898000
3LRuqTqxr9cFz5Zxn3c1vR3EXau4rAWqhR,1Jn58cfvxSZ4Q8nH4f9LFCXKUyH7Xr9e8U,5802797
35zC1t9YtDUwmeCd2gNQrvYxqAV9d8VgcA,1Jn58cfvxSZ4Q8nH4f9LFCXKUyH7Xr9e8U,3000000
39W3ryVsQmr3QRyrB9yNiUsnJYJRq8Z6CR,1Jn58cfvxSZ4Q8nH4f9LFCXKUyH7Xr9e8U,32040224
3Q3biWpae6KFZaNmjowZco4d4sRxyGv73V,1Jn58cfvxSZ4Q8nH4f9LFCXKUyH7Xr9e8U,8748695
34nwaQWuGKJ9TBDJ3FitT2ugXa4rt21VJV,1Jn58cfvxSZ4Q8nH4f9LFCXKUyH7Xr9e8U,312316288
3MbXTj7hJUqyowVg41KDJjrki92z6JSt2G,1Jn58cfvxSZ4Q8nH4f9LFCXKUyH7Xr9e8U,592000
3493jpoX3ZhdAWcAbr2XCWVCTKT9N2ZESg,1Jn58cfvxSZ4Q8nH4f9LFCXKUyH7Xr9e8U,28735632
3NmUQY3p1Vs3nqQoeZTARjtge4zd4vayNa,1Jn58cfvxSZ4Q8nH4f9LFCXKUyH7Xr9e8U,14488000
3CPYz5VsVEbSXu4g8AuULFjqKmpoUMonhA,1Jn58cfvxSZ4Q8nH4f9LFCXKUyH7Xr9e8U,37000000
3KP9dE4szYak3XqeDAkLRotygwvJGrW4ec,1Jn58cfvxSZ4Q8nH4f9LFCXKUyH7Xr9e8U,2264697
3BS94cbmHJ7wJNTWmSPMd4FyyBCcCcvTes,1Jn58cfvxSZ4Q8nH4f9LFCXKUyH7Xr9e8U,3000000
3ExyrhGzrdBNsNvSBRw8DokJBPfueU5nHF,1Jn58cfvxSZ4Q8nH4f9LFCXKUyH7Xr9e8U,11363483
352rjP1nS7fFdnqHzpCYxyiSM7nrM5tGFm,1Jn58cfvxSZ4Q8nH4f9LFCXKUyH7Xr9e8U,4103902
37Rkygt5tKmzjxemuajnH2bUt61qDknSxp,1Jn58cfvxSZ4Q8nH4f9LFCXKUyH7Xr9e8U,3015000
3AgYsiUj4Hf9KgqnbN6mynGwG9phe4eYi3,1Jn58cfvxSZ4Q8nH4f9LFCXKUyH7Xr9e8U,222277970
39ZQH241WCawn7feARaczdPZaMxgjkLi1j,1Jn58cfvxSZ4Q8nH4f9LFCXKUyH7Xr9e8U,557068
3AzVFUj5bJjUoS9YusUq7MjoLTcztReUUe,1Jn58cfvxSZ4Q8nH4f9LFCXKUyH7Xr9e8U,587108
3BKM6RPwRiVchHH1UMR53Lsa34nKPJ9XUH,1Jn58cfvxSZ4Q8nH4f9LFCXKUyH7Xr9e8U,5230685
3KGbLY9QH6ZFRttmdTD5JKwVRHCoMupzLg,1Jn58cfvxSZ4Q8nH4f9LFCXKUyH7Xr9e8U,11108503
3MMo6LpVfMyQMHDwotkRM9yT6vQ9ULWh15,1Jn58cfvxSZ4Q8nH4f9LFCXKUyH7Xr9e8U,14158825
3R2QQUAKsuCerF9uUFMEZDURkwBmoDkKD2,1Jn58cfvxSZ4Q8nH4f9LFCXKUyH7Xr9e8U,429568029
3ENrBZ5sGCzukNF8d9ewF5dDUYGo9Mvsw3,1Jn58cfvxSZ4Q8nH4f9LFCXKUyH7Xr9e8U,1568901
3Pha843gfZ5D6G7KrZ32pZAvbmPBdm7hYW,1Jn58cfvxSZ4Q8nH4f9LFCXKUyH7Xr9e8U,5802576
3F9nZf9ZcoiWKNpMg5CdbwDAfqShJ9688J,1Jn58cfvxSZ4Q8nH4f9LFCXKUyH7Xr9e8U,4649000
32Vfwgynr4yHAos4rkipEjNFAQAdV5h2ob,1Jn58cfvxSZ4Q8nH4f9LFCXKUyH7Xr9e8U,102000000
14HVhDGqzMXEZaUkAtpDbXPboZSvCrfebb,1Jn58cfvxSZ4Q8nH4f9LFCXKUyH7Xr9e8U,65951536
34M6iVggPjib41rZifkvM7oiPeYYJzSZ2s,1Jn58cfvxSZ4Q8nH4f9LFCXKUyH7Xr9e8U,2337090
3AqXRDFim4uvLamhFEvyqtHPLreWVnTtCX,1Jn58cfvxSZ4Q8nH4f9LFCXKUyH7Xr9e8U,3672968
3PNbxbgNVxWdfBM47DqyqfEixNoeEewPNJ,1Jn58cfvxSZ4Q8nH4f9LFCXKUyH7Xr9e8U,5843000
36ppRraBnmTKMGNPzCadaWcJL27T9x7StR,1Jn58cfvxSZ4Q8nH4f9LFCXKUyH7Xr9e8U,5959000
3QPm6gbDoXQTb3DBadGGi5k3Frcyp7GZ3v,1Jn58cfvxSZ4Q8nH4f9LFCXKUyH7Xr9e8U,2378130710
32Bqx4Pa4v3Y1S3u3hmAvZuiqp4fC1rbhS,1Jn58cfvxSZ4Q8nH4f9LFCXKUyH7Xr9e8U,200000
3D4RUFM9mqG6ixWmxaWaVKELdRSxoVJvPz,1Jn58cfvxSZ4Q8nH4f9LFCXKUyH7Xr9e8U,5700000
384QPwcjg8WarfEkBAA7W1awqARzLwxpm4,1Jn58cfvxSZ4Q8nH4f9LFCXKUyH7Xr9e8U,9500000
3DP7tYtJJ69k6YW7sq2QyHm2RCtF29YJFL,1Jn58cfvxSZ4Q8nH4f9LFCXKUyH7Xr9e8U,9500000
35LJpBrjuaCrKvqyNt71wBbDRVeA3M86KG,1Jn58cfvxSZ4Q8nH4f9LFCXKUyH7Xr9e8U,9500000
38Yep7QXv4bfZoZbAMcRgC4Kv5wp3DrWFW,1Jn58cfvxSZ4Q8nH4f9LFCXKUyH7Xr9e8U,3770000
3EcAYcnRg6Sn7RwUATapyRvp7cBQtLBfu7,1Jn58cfvxSZ4Q8nH4f9LFCXKUyH7Xr9e8U,5700000
3BgYNEh2Lyjj57f5F8JT5YWhJ7ycn5f3yg,1Jn58cfvxSZ4Q8nH4f9LFCXKUyH7Xr9e8U,5225000
3Gyv8pS6yNi19JEGMpo5oGcA5ejA5h6opa,1Jn58cfvxSZ4Q8nH4f9LFCXKUyH7Xr9e8U,52250001
372vFjdjNXMGQyjB8kGQoTKZmqs8yHAquu,1Jn58cfvxSZ4Q8nH4f9LFCXKUyH7Xr9e8U,1461000
3EesjGjBvNxm36qPCYa7bF9kQh5fu8tC1f,1Jn58cfvxSZ4Q8nH4f9LFCXKUyH7Xr9e8U,7596000
3PzgVNDTwxB9LrxXg2WkgqcWkckpgCTofR,1Jn58cfvxSZ4Q8nH4f9LFCXKUyH7Xr9e8U,209892465
3Qi7sbiSXxYs8Vkvc4bMGsGK2Q8kN7MpVj,1Jn58cfvxSZ4Q8nH4f9LFCXKUyH7Xr9e8U,20521121
3B3qeU4njieBv3ZWumVodUvFM31AdzHNAp,1Jn58cfvxSZ4Q8nH4f9LFCXKUyH7Xr9e8U,40492648
34ZsR9d8xyia7GBDtwDW4EvkEYLsjetu91,1Jn58cfvxSZ4Q8nH4f9LFCXKUyH7Xr9e8U,4721212731
3D2rDkvKHywAmY5zYWLRxYrSf3zxSrnrbL,1Jn58cfvxSZ4Q8nH4f9LFCXKUyH7Xr9e8U,559000
397DjWxjQpkYBspkew1pVE6c8DJjYEniLR,1Jn58cfvxSZ4Q8nH4f9LFCXKUyH7Xr9e8U,1000000
32SoJQCf3s2gFSciCD9f9YnvtfUXjt5BYK,1Jn58cfvxSZ4Q8nH4f9LFCXKUyH7Xr9e8U,608567
3APyp1U243nqRCYXr6gcLaztFPdLhRAeFe,1Jn58cfvxSZ4Q8nH4f9LFCXKUyH7Xr9e8U,42992855860
32obyY6pGf6jVDoajBeLGvnqsCWX6YJSdH,1Jn58cfvxSZ4Q8nH4f9LFCXKUyH7Xr9e8U,1001157
3E4XBaJvfq9GYehGMdVGfrNRa434TGBMjs,1Jn58cfvxSZ4Q8nH4f9LFCXKUyH7Xr9e8U,1115456
3DwneMCowtTW5bVs25K8SDUgp1Yh3oCLth,1Jn58cfvxSZ4Q8nH4f9LFCXKUyH7Xr9e8U,1023200
3NeeViNyVyPn3jhUuruHAi5dKaZY52AnZc,1Jn58cfvxSZ4Q8nH4f9LFCXKUyH7Xr9e8U,1115456
3N1eyyxsuskXmmJbDnq7P6CS4uB28WuGH5,1Jn58cfvxSZ4Q8nH4f9LFCXKUyH7Xr9e8U,1426250
3JMpFViqT6aontMYEDNvRkHmEH2bdgBLUN,1Jn58cfvxSZ4Q8nH4f9LFCXKUyH7Xr9e8U,1161831
3C997cZXnzS2Qd4XZANc5M8NEGVj9Bc27w,1Jn58cfvxSZ4Q8nH4f9LFCXKUyH7Xr9e8U,1994000
3PGCDp2MPzCdJXGf3SASQkziRWxx1Y9Kv2,1Jn58cfvxSZ4Q8nH4f9LFCXKUyH7Xr9e8U,2040000
36ziR7LRqphsfQyDr9HFWBa39FMFFdNwiT,1Jn58cfvxSZ4Q8nH4f9LFCXKUyH7Xr9e8U,2015820
3N4udVH78f7UekDWjbzZaWKWfUm4wX1ZjM,1Jn58cfvxSZ4Q8nH4f9LFCXKUyH7Xr9e8U,1936319
386pdxgnt4LT9oQtkg75zUgj3WbCcNcByd,1Jn58cfvxSZ4Q8nH4f9LFCXKUyH7Xr9e8U,1669730
35ZKGA9u8qvacTa3MDweBmd1LfcK6rvpkc,1Jn58cfvxSZ4Q8nH4f9LFCXKUyH7Xr9e8U,2837577
3K3jTX3KkbkYKaqmehoZEqCFuUT6i6dBcp,1Jn58cfvxSZ4Q8nH4f9LFCXKUyH7Xr9e8U,1863471
3FzPNkiuuNP7dXJn6nzr7JzDkDcKjktWAK,1Jn58cfvxSZ4Q8nH4f9LFCXKUyH7Xr9e8U,3000000
3QsNRpnaE9bfTrex4GFYqvxEF6NYfxDi6D,1Jn58cfvxSZ4Q8nH4f9LFCXKUyH7Xr9e8U,4215851
3BCQY5uHu34wXGMt7TYibYgJyZZ9rUCVZF,1Jn58cfvxSZ4Q8nH4f9LFCXKUyH7Xr9e8U,12240000
36rQbnwh1gUtPMG8VMTPsS8DEevHVsXW25,1Jn58cfvxSZ4Q8nH4f9LFCXKUyH7Xr9e8U,3015000
3LGdyJonXPHuEAsk2nQT77bxcPfR5DE7KN,1Jn58cfvxSZ4Q8nH4f9LFCXKUyH7Xr9e8U,5697000
3HPcigKnGuW1QzQ4EwSRzCME1mvnaQTN1k,1Jn58cfvxSZ4Q8nH4f9LFCXKUyH7Xr9e8U,2528952
3PMDeMamdoEhyXDk5684pveQ5NKy1ZKR6U,1Jn58cfvxSZ4Q8nH4f9LFCXKUyH7Xr9e8U,10000000
3J3QbF5xQKt8xbo8XjScyWQHJxUt6U6BbH,1Jn58cfvxSZ4Q8nH4f9LFCXKUyH7Xr9e8U,3015000
3G9eaeXFfdsfChT6WnFdpD7j948MAcQGPV,1Jn58cfvxSZ4Q8nH4f9LFCXKUyH7Xr9e8U,20400000
326MhneAmpiLv7HrgBDRsADdvJZZqm7gMw,1Jn58cfvxSZ4Q8nH4f9LFCXKUyH7Xr9e8U,1946319
3EffRALX4XmxE4LNFXgPXXzn8QfrLV2pQq,1Jn58cfvxSZ4Q8nH4f9LFCXKUyH7Xr9e8U,10000000
33EdQfM3tcLzpPQMHefNnqcuSFZofXK1T7,1Jn58cfvxSZ4Q8nH4f9LFCXKUyH7Xr9e8U,4899000
36QdbEDtHajYknFA8ntyFDYsGDt6npjZWT,1Jn58cfvxSZ4Q8nH4f9LFCXKUyH7Xr9e8U,7419700
3MGcaTaWjeSAec3ua2jXTpEEsBiXwU5cwW,1Jn58cfvxSZ4Q8nH4f9LFCXKUyH7Xr9e8U,22548000
3L949kTXhT5R6A6xDJbDLY7ryJzovaTRcp,1Jn58cfvxSZ4Q8nH4f9LFCXKUyH7Xr9e8U,4146106
3KH4AKXUN3ThQNXhHH5CL6e19oPdmzg8qm,1Jn58cfvxSZ4Q8nH4f9LFCXKUyH7Xr9e8U,25308760
3KWnPhuKcVjkZsMq7QdZ5odXXTKFjLFCGw,1Jn58cfvxSZ4Q8nH4f9LFCXKUyH7Xr9e8U,4923000
33KPWeBSbohpyHSwchMVzMeCn4hrmSydqw,1Jn58cfvxSZ4Q8nH4f9LFCXKUyH7Xr9e8U,24767178
34Kn8qRjvmmawBcGEbUL8gWkj8vMfmvwbp,1Jn58cfvxSZ4Q8nH4f9LFCXKUyH7Xr9e8U,402000
3ADHhUNDtD6iZ91QC1HhLHG19WLJkEJyBX,1Jn58cfvxSZ4Q8nH4f9LFCXKUyH7Xr9e8U,2006000
3PDneWCQTv4prjetJ9gkLpL45SRbd1VTGN,1Jn58cfvxSZ4Q8nH4f9LFCXKUyH7Xr9e8U,1000000
3MjeSLFUdeH4cEyn82zKVH73s86RtuXFgz,1Jn58cfvxSZ4Q8nH4f9LFCXKUyH7Xr9e8U,5845000
3D44CF1zZDWLdRd5UrzmPREqU5jmpfkE8Q,1Jn58cfvxSZ4Q8nH4f9LFCXKUyH7Xr9e8U,10000000
3KYxMbnGAbdYgkwkMu4YG8eA46Nw33RjWL,1Jn58cfvxSZ4Q8nH4f9LFCXKUyH7Xr9e8U,26456032
3F3JzxUHMFxyZ2YCsrKDTBPu4DHAvXqwRi,1Jn58cfvxSZ4Q8nH4f9LFCXKUyH7Xr9e8U,10000000
3BoRyRxYmVWKSUzX4B6ou8mrUBpmCa7wxU,1Jn58cfvxSZ4Q8nH4f9LFCXKUyH7Xr9e8U,10000000
3GC36P7PJz4GLy35hAo9aRQumdqG7zjM38,1Jn58cfvxSZ4Q8nH4f9LFCXKUyH7Xr9e8U,990000
3NRZGtGVjEF23HRQBFKoX7AFEGPGQ7seKT,1Jn58cfvxSZ4Q8nH4f9LFCXKUyH7Xr9e8U,14251791
36TpHsnRaMJB1CBJAxWmRjM41BXaAuh8ER,1Jn58cfvxSZ4Q8nH4f9LFCXKUyH7Xr9e8U,103640906
3CmsGHV6sdwJYUUgz243iT8m2TzcGG3cwq,1Jn58cfvxSZ4Q8nH4f9LFCXKUyH7Xr9e8U,1020000
36nkXub7e3ps87FsJxDydwEXPmp7ZuGfnh,1Jn58cfvxSZ4Q8nH4f9LFCXKUyH7Xr9e8U,1149000
37Vj1CtvBSB2nWsUyc5rUsfV9bLF2SNdj4,1Jn58cfvxSZ4Q8nH4f9LFCXKUyH7Xr9e8U,1300000
3EXUjzfdfmBRjhFmyhNy6vgyhKNcRjyhuv,1Jn58cfvxSZ4Q8nH4f9LFCXKUyH7Xr9e8U,2929000
38mxuXZzGbQVZBuXw9r3uXoodaJbziaqKK,1Jn58cfvxSZ4Q8nH4f9LFCXKUyH7Xr9e8U,2929000
34Rt1wAruJQEhP6qu6Y7GbaC6KJY3gN2mR,1Jn58cfvxSZ4Q8nH4f9LFCXKUyH7Xr9e8U,7125000
3GGCPYpbAAoAYFKxSV49cjXX9HJSG7e3re,1Jn58cfvxSZ4Q8nH4f9LFCXKUyH7Xr9e8U,2392874
32Vdfvmkm1strtwXbqoBiBY8Lhkak1vzWK,1Jn58cfvxSZ4Q8nH4f9LFCXKUyH7Xr9e8U,11243146
3KVndmNecVgGAhtZ1pPmACJbTAnaAD57pA,1Jn58cfvxSZ4Q8nH4f9LFCXKUyH7Xr9e8U,5700000
31ueCajGDyPZyCZnBxzr8ZjZRzArfQg328,1Jn58cfvxSZ4Q8nH4f9LFCXKUyH7Xr9e8U,20496000
3HJh4AuWpNrbxxtPLCwR1pCrg6gZVfz3qb,1Jn58cfvxSZ4Q8nH4f9LFCXKUyH7Xr9e8U,367554473
3DgDysZ7jz5QbGzNnARkZxYv48TQHSbCgX,1Jn58cfvxSZ4Q8nH4f9LFCXKUyH7Xr9e8U,161602325
1DHhrjhhYk7iYx8WQbciphar5G1RgC553t,1Jn58cfvxSZ4Q8nH4f9LFCXKUyH7Xr9e8U,852289463
1Jn58cfvxSZ4Q8nH4f9LFCXKUyH7Xr9e8U,149fb6SK6CiDMSBLaxz2v9Zj7BHeFD9qnL,16659343
1Jn58cfvxSZ4Q8nH4f9LFCXKUyH7Xr9e8U,1FvikPfrGv9hx3NU6JTLtuwM85fPx21oqz,414554000
3JYhT4SPhaRZHcwvfnNpBNy3fxFpw8MuEb,1Jn58cfvxSZ4Q8nH4f9LFCXKUyH7Xr9e8U,589241
3LjaMALCXTs6jTFb5p4jurArrWVyJL5wkn,1Jn58cfvxSZ4Q8nH4f9LFCXKUyH7Xr9e8U,589241
3AqPconx1Ttp2fcYZDWYwD8Z4H26Lx3dxf,1Jn58cfvxSZ4Q8nH4f9LFCXKUyH7Xr9e8U,1192000
3KXQuGkxAPmW1wN3sgoTEgXoRUj8zRja94,1Jn58cfvxSZ4Q8nH4f9LFCXKUyH7Xr9e8U,1168024
3ExijhsPEW6Qdyr8GRHC1iQsRJHbVgjhFg,1Jn58cfvxSZ4Q8nH4f9LFCXKUyH7Xr9e8U,2000000
32h7SZGNxefP83YBNdLKznP6So8h3CksJi,1Jn58cfvxSZ4Q8nH4f9LFCXKUyH7Xr9e8U,2040000
3FXDZCCYyozmSnxxzUsRxVpgcf53PsFEuU,1Jn58cfvxSZ4Q8nH4f9LFCXKUyH7Xr9e8U,2040000
3ABTLziUmruLEZaMEkraECZwoZhvwNd3JF,1Jn58cfvxSZ4Q8nH4f9LFCXKUyH7Xr9e8U,12614000
32X2LPaJLWAoCV76osAWZLd92CjWVZQdUr,1Jn58cfvxSZ4Q8nH4f9LFCXKUyH7Xr9e8U,2040000
39FixhFJDqLgu3DMttC8XNDWKLj2chHRHQ,1Jn58cfvxSZ4Q8nH4f9LFCXKUyH7Xr9e8U,2085000
3F8frPdPvJENdKa1SsV3oaNKuEHrJyhLL1,1Jn58cfvxSZ4Q8nH4f9LFCXKUyH7Xr9e8U,5957000
3CzvDDWkNTWkeo4nmHau8mmuFqNgHk2NZh,1Jn58cfvxSZ4Q8nH4f9LFCXKUyH7Xr9e8U,5462000
3H35gu9vVxwbziEK3YwYGYcJge3j2VstQ2,1Jn58cfvxSZ4Q8nH4f9LFCXKUyH7Xr9e8U,34040305
322guAr9HCpKnQC9QLzV1g6SFkkyg13df1,1Jn58cfvxSZ4Q8nH4f9LFCXKUyH7Xr9e8U,8935000
3C3VhXAn2QjW1fQvJSshM8nSMHoqdSSZ6H,1Jn58cfvxSZ4Q8nH4f9LFCXKUyH7Xr9e8U,589241
3PdPSpVqHL4GqKe2L7vsfeKTs8u51cxmk5,1Jn58cfvxSZ4Q8nH4f9LFCXKUyH7Xr9e8U,1159420
3NjgqDmntoHabz1xoupqp1v79HhuZM6U8D,1Jn58cfvxSZ4Q8nH4f9LFCXKUyH7Xr9e8U,1203000
3Fts3n3zQFHeA6mjyyEyz6x77BHsGR1yYa,1Jn58cfvxSZ4Q8nH4f9LFCXKUyH7Xr9e8U,1178000
3PCYMBqW7i5HGxPzoT1wvipod2mVMZjRNd,1Jn58cfvxSZ4Q8nH4f9LFCXKUyH7Xr9e8U,2040000
33yFStmNdkXgmcdeUT3qcL8V2PErDjjkHQ,1Jn58cfvxSZ4Q8nH4f9LFCXKUyH7Xr9e8U,2976000
326Yxe1L6rqV6JwHtqCakaQyfhM9W9ExPQ,1Jn58cfvxSZ4Q8nH4f9LFCXKUyH7Xr9e8U,2200000
3MDG6HqavRKuZtcYYFKuSiqj59PRzeCRdL,1Jn58cfvxSZ4Q8nH4f9LFCXKUyH7Xr9e8U,8839000
3QuP2vcDTXDUgcGPq42gurfXjNsQWQdtdb,1Jn58cfvxSZ4Q8nH4f9LFCXKUyH7Xr9e8U,3060000
33RqJv2eRUAwa2MeyqyE1NuKFr4UJ7egjo,1Jn58cfvxSZ4Q8nH4f9LFCXKUyH7Xr9e8U,2900000
34pKYaC1zbxWGtKY7wG5yApNKUM77KT73m,1Jn58cfvxSZ4Q8nH4f9LFCXKUyH7Xr9e8U,3000000
3NU1iSDvVZ4Dgx4nFAWLCLL5VMn9ijFjs7,1Jn58cfvxSZ4Q8nH4f9LFCXKUyH7Xr9e8U,10000000
3FTFR9vuRBawxB7RAFY1BLaNGYv6m8pQQV,1Jn58cfvxSZ4Q8nH4f9LFCXKUyH7Xr9e8U,1126695
37Spbo1SfXszTTWE3YkqmezzajBeDtpsat,1Jn58cfvxSZ4Q8nH4f9LFCXKUyH7Xr9e8U,1223857
3LKJMQ89cvGqvnKg9c1t99W6bkwXeDDLou,1Jn58cfvxSZ4Q8nH4f9LFCXKUyH7Xr9e8U,1736000
3Cy8uf1soqo4moiyfSaoDSZtd8JHhGuCQC,1Jn58cfvxSZ4Q8nH4f9LFCXKUyH7Xr9e8U,2011494
37KTpGcy3P1deVG3hRwKwkzVc9miSdCcTv,1Jn58cfvxSZ4Q8nH4f9LFCXKUyH7Xr9e8U,1410000
35TgFUQzP2Fjtg49zwwuPwgFzovrdrSue1,1Jn58cfvxSZ4Q8nH4f9LFCXKUyH7Xr9e8U,3174044
36QqmzLDaJmEhCMWHYpcUuX2ckxQuZjNjk,1Jn58cfvxSZ4Q8nH4f9LFCXKUyH7Xr9e8U,1833080
3F7iqXXfzqiQL2taApuw2EaJzx1j5VajB8,1Jn58cfvxSZ4Q8nH4f9LFCXKUyH7Xr9e8U,5875000
32C2Ra69es3TU3PZCZHyzF33cmPzQC3qBq,1Jn58cfvxSZ4Q8nH4f9LFCXKUyH7Xr9e8U,5000000
3DSD2GWrxAd9HstUhKMvg44eqg5d7PtVe9,1Jn58cfvxSZ4Q8nH4f9LFCXKUyH7Xr9e8U,10200000
36scxJXs5htQcw1wUGPJMkQvAPmvxBKqAH,1Jn58cfvxSZ4Q8nH4f9LFCXKUyH7Xr9e8U,6987000
34nh5xsEvPv18HsZqQFtHub7cDNkLea6SG,1Jn58cfvxSZ4Q8nH4f9LFCXKUyH7Xr9e8U,13878993
3Dj6aTGE83ynoSc3iZsk5B6izWyJ89UpCr,1Jn58cfvxSZ4Q8nH4f9LFCXKUyH7Xr9e8U,10000000
3JKQ3pVfu2N8WC7hTfiGZgaATssfNa1Ga7,1Jn58cfvxSZ4Q8nH4f9LFCXKUyH7Xr9e8U,2304000
3KzamsXc2Bbj8sbsSLevp3tHzEuwBoXrN1,1Jn58cfvxSZ4Q8nH4f9LFCXKUyH7Xr9e8U,5786000
31tydV6F9em3xm5QE8Bmrvu5pzscxsA858,1Jn58cfvxSZ4Q8nH4f9LFCXKUyH7Xr9e8U,15478442
36HdWw4jGXZqzZYmuRTW5gdKyFsq3VpuQ5,1Jn58cfvxSZ4Q8nH4f9LFCXKUyH7Xr9e8U,2000000
3QrzCSqbVvJPxFB7QhsJfDTh2hDRVCybUH,1Jn58cfvxSZ4Q8nH4f9LFCXKUyH7Xr9e8U,561374572
3FwKZqPAN1E1WfNWwZfMPEqPwquG84rkJW,1Jn58cfvxSZ4Q8nH4f9LFCXKUyH7Xr9e8U,2389068
3MyDwUPVV8dJDy42YCkS1p1JMHptUAZpvo,1Jn58cfvxSZ4Q8nH4f9LFCXKUyH7Xr9e8U,2433000
32c71XECuzyB8d9NCW4wGEh7eGcAMkeVos,1Jn58cfvxSZ4Q8nH4f9LFCXKUyH7Xr9e8U,2550000
36vXRXady99LprHk1WoJKdKeLCjBkqcamV,1Jn58cfvxSZ4Q8nH4f9LFCXKUyH7Xr9e8U,3727000
3Aaiz7e492ep6pdeTYwNpiVb5C2gXEJeH7,1Jn58cfvxSZ4Q8nH4f9LFCXKUyH7Xr9e8U,69034048
3CFLJyjkuik9doayTKPW979NWcsCbQCzce,1Jn58cfvxSZ4Q8nH4f9LFCXKUyH7Xr9e8U,3015000
3QpmVSfDTd7jbvzCAVLK8tgyMmyxQn2bpW,1Jn58cfvxSZ4Q8nH4f9LFCXKUyH7Xr9e8U,3142931
36UgjRHWN3iM9jXykFGrmZqZYLG1BgC1a8,1Jn58cfvxSZ4Q8nH4f9LFCXKUyH7Xr9e8U,5389000
34f4h9phx43KmhoZQcxoBiYtYvvuzh2AL1,1Jn58cfvxSZ4Q8nH4f9LFCXKUyH7Xr9e8U,15300200
37eXLji8KmNRFpVTfbEBw2Eon1qNjmiK1v,1Jn58cfvxSZ4Q8nH4f9LFCXKUyH7Xr9e8U,111131155
37eXLji8KmNRFpVTfbEBw2Eon1qNjmiK1v,1Jn58cfvxSZ4Q8nH4f9LFCXKUyH7Xr9e8U,110233126
3JwnRm4rG6AFbEAX5sFrjUTGVXhEgxNYnj,1Jn58cfvxSZ4Q8nH4f9LFCXKUyH7Xr9e8U,17989000
3Hxa2jBeJ5uAPArg5k73RV1YDrNx7Xw5P4,1Jn58cfvxSZ4Q8nH4f9LFCXKUyH7Xr9e8U,3040687
3BEPLv3iAHLph3zvSxrG9eDhUbqseFaMgb,1Jn58cfvxSZ4Q8nH4f9LFCXKUyH7Xr9e8U,3041000
3BfGcdjspBymzsiUoUKgGYi7cMXjotEoF9,1Jn58cfvxSZ4Q8nH4f9LFCXKUyH7Xr9e8U,3060000
3MESYCg48UYLKYaMqAw5DwfkpHaTaDv7zX,1Jn58cfvxSZ4Q8nH4f9LFCXKUyH7Xr9e8U,3102000
32qdt3dwEdyMn4A44iDyhoLRvZiUevxZKv,1Jn58cfvxSZ4Q8nH4f9LFCXKUyH7Xr9e8U,3102000
35zSABE2SvuVMeHRKYjqEQGNrJL6Tc7ubC,1Jn58cfvxSZ4Q8nH4f9LFCXKUyH7Xr9e8U,10200000
38Dd2ZmdJ6ptrWuVboPabF1n244H37qSxJ,1Jn58cfvxSZ4Q8nH4f9LFCXKUyH7Xr9e8U,3727000
34DS8Si9Mk3GxypbhTpmZLtY1Cuqe8nkUL,1Jn58cfvxSZ4Q8nH4f9LFCXKUyH7Xr9e8U,2840873163
3Qv8eGyyHXKvZgah1vYaABKzNYeY3EsSRp,1Jn58cfvxSZ4Q8nH4f9LFCXKUyH7Xr9e8U,200000
3PspJ8uqYuZsKXUmegEzfSVv5iKJmkCbGY,1Jn58cfvxSZ4Q8nH4f9LFCXKUyH7Xr9e8U,312500
32aawyDuBkGwc9GEc66o52CyBH5RBGVSfY,1Jn58cfvxSZ4Q8nH4f9LFCXKUyH7Xr9e8U,653094
37179XAJDkde6m1xzSym2sH6hbxByngNZx,1Jn58cfvxSZ4Q8nH4f9LFCXKUyH7Xr9e8U,393000
3ATA3UtUyqzDGMqaHkMadZtAxD9cARz35n,1Jn58cfvxSZ4Q8nH4f9LFCXKUyH7Xr9e8U,654526
3MYfXzoXPVv2uh9ssFfo6uRobsa5b3EhA6,1Jn58cfvxSZ4Q8nH4f9LFCXKUyH7Xr9e8U,654445
37ERfm1RsPbqQUfDwSHDSxCDD6YNMr7AFE,1Jn58cfvxSZ4Q8nH4f9LFCXKUyH7Xr9e8U,654526
3GJ428r6NBRcfhq1sHKS3sovfqY3xSxZKF,1Jn58cfvxSZ4Q8nH4f9LFCXKUyH7Xr9e8U,654526
34gRo87i6A64Tnd8AoTuMJKXw63iQYNutf,1Jn58cfvxSZ4Q8nH4f9LFCXKUyH7Xr9e8U,668000
34Z3zsXQRkT4Hv7e1gHuvB4unrr2zbqrU7,1Jn58cfvxSZ4Q8nH4f9LFCXKUyH7Xr9e8U,668000
3D18MJDJNmDUBgmXVuZbXAMpUgeizqxzac,1Jn58cfvxSZ4Q8nH4f9LFCXKUyH7Xr9e8U,1005000
3QCUsFQaZThpp8inTypYh7NVNL2qPbwPYH,1Jn58cfvxSZ4Q8nH4f9LFCXKUyH7Xr9e8U,1000000
3Q52iX5QzdMMsLbbXV5i7TQF8NhCH4fScf,1Jn58cfvxSZ4Q8nH4f9LFCXKUyH7Xr9e8U,712000
3BhSdYzFH2GPcG4ZRgrjB7JE5tsUtiA81p,1Jn58cfvxSZ4Q8nH4f9LFCXKUyH7Xr9e8U,1088667
37hjEBG4ghwL6iDDMVdP8nxaaQk2WWhdn2,1Jn58cfvxSZ4Q8nH4f9LFCXKUyH7Xr9e8U,655000
3MmGudXypMhjQJFB5KLiqJ9gn6KZ1Atmrz,1Jn58cfvxSZ4Q8nH4f9LFCXKUyH7Xr9e8U,3015000
3Jhe58wEX4xMMk9iDETebZC9A3eCZUF25E,1Jn58cfvxSZ4Q8nH4f9LFCXKUyH7Xr9e8U,2003000
3Ajw7M9FB29oD7gdoA4t4e3AHZRP9Rmu9B,1Jn58cfvxSZ4Q8nH4f9LFCXKUyH7Xr9e8U,982000
3GB8V4td5k8cvUq2XgEV676pMqPxNt3ikB,1Jn58cfvxSZ4Q8nH4f9LFCXKUyH7Xr9e8U,740000
33WH1j8CpwasiS6eiAWfPzUDEGGufKXz6U,1Jn58cfvxSZ4Q8nH4f9LFCXKUyH7Xr9e8U,1960000
32bkHmwQVqQgKtr2tB8Ru4NBFHp8PtmZCn,1Jn58cfvxSZ4Q8nH4f9LFCXKUyH7Xr9e8U,2000000
37B6nfPd5vvDaAhefWDjFYAkLtfncD2cRk,1Jn58cfvxSZ4Q8nH4f9LFCXKUyH7Xr9e8U,2624653
3L8ahtnwmtTP8ihpTr9qm5MeYCDj2pNEzC,1Jn58cfvxSZ4Q8nH4f9LFCXKUyH7Xr9e8U,2558170
34soFGvQZUeD6v7mukWafPXWAHz67ywfip,1Jn58cfvxSZ4Q8nH4f9LFCXKUyH7Xr9e8U,2160000
35QhuvQ3CSr5qrjB1tnZ3yZ47S8Wt2RhxC,1Jn58cfvxSZ4Q8nH4f9LFCXKUyH7Xr9e8U,1633000
33xC8TS6tbiS3bDC8bWSJKhmhUeZxBKbTM,1Jn58cfvxSZ4Q8nH4f9LFCXKUyH7Xr9e8U,1000000
35fNyixRVGCJP5bjfsC2guwimmsj2Dfr99,1Jn58cfvxSZ4Q8nH4f9LFCXKUyH7Xr9e8U,10063536
32FJqrDQ4Q1o64QrbuAyMRTxA525y226oc,1Jn58cfvxSZ4Q8nH4f9LFCXKUyH7Xr9e8U,3230000
3LbSn7AudPUphSu3JqtXpAb5csp36kMgAr,1Jn58cfvxSZ4Q8nH4f9LFCXKUyH7Xr9e8U,5000000
3Hdgrxsmie4cMkFsHkZK1FpdxBMp2Caiay,1Jn58cfvxSZ4Q8nH4f9LFCXKUyH7Xr9e8U,5000000
3NnhnjWTKsF6oQQL4UPyKkcScXXTDChzGF,1Jn58cfvxSZ4Q8nH4f9LFCXKUyH7Xr9e8U,5000000
39pUxs8msyUSZHgDG7tC41Ne6JfHS2XGoT,1Jn58cfvxSZ4Q8nH4f9LFCXKUyH7Xr9e8U,8888888
3FEWoG1cU3fwusg8r8gvLyC5tcmib3Mn9R,1Jn58cfvxSZ4Q8nH4f9LFCXKUyH7Xr9e8U,5010000
3NBBkf8XnUxmvDv38LGtrC34YAnGar4MMu,1Jn58cfvxSZ4Q8nH4f9LFCXKUyH7Xr9e8U,5078666
3FsZTnsBgufNBq9dMa8bSxAmGMiAyUSpop,1Jn58cfvxSZ4Q8nH4f9LFCXKUyH7Xr9e8U,10000000
32bacDr59vHZo4HGowe7mXMDkEvMbh7TnP,1Jn58cfvxSZ4Q8nH4f9LFCXKUyH7Xr9e8U,5088666
3Q6fL2poJqP9QxjTJ9qkGg6kiJUfViehk8,1Jn58cfvxSZ4Q8nH4f9LFCXKUyH7Xr9e8U,9990000
3Am6EFrLbQcrA6qYDg4BSbQYxBfQPLGYKi,1Jn58cfvxSZ4Q8nH4f9LFCXKUyH7Xr9e8U,9991000
3DgFyEsWeEeQydCwKQ9SMBtEtx99QHsm7e,1Jn58cfvxSZ4Q8nH4f9LFCXKUyH7Xr9e8U,10000000
39pUxs8msyUSZHgDG7tC41Ne6JfHS2XGoT,1Jn58cfvxSZ4Q8nH4f9LFCXKUyH7Xr9e8U,8888888
384BcB4ZKTySmx8WeufXnKEpxEdHmn6iKw,1Jn58cfvxSZ4Q8nH4f9LFCXKUyH7Xr9e8U,10080000
39pUxs8msyUSZHgDG7tC41Ne6JfHS2XGoT,1Jn58cfvxSZ4Q8nH4f9LFCXKUyH7Xr9e8U,8888888
36SaTLFsg4MccsTqxfsXnkCrUXQ7RS6ivT,1Jn58cfvxSZ4Q8nH4f9LFCXKUyH7Xr9e8U,30600000
3JUAv8CJmsoouYceUWK6VMtTDmnJ8FzruF,1Jn58cfvxSZ4Q8nH4f9LFCXKUyH7Xr9e8U,10000000
3Kub24rC2N5f9Lmnv4bmrmKhfjcqYgtEy7,1Jn58cfvxSZ4Q8nH4f9LFCXKUyH7Xr9e8U,17607000
3Q8mfDZK51w7V6vrnURgvZDqozPPEoH8ef,1Jn58cfvxSZ4Q8nH4f9LFCXKUyH7Xr9e8U,9990000
39Xa8kojtyXMTxZDqz7qmYhjLsUvgMLCS8,1Jn58cfvxSZ4Q8nH4f9LFCXKUyH7Xr9e8U,10382088
3N1Vbvrr5Z9Mh8dwraMKvEFUXqSZCYefhQ,1Jn58cfvxSZ4Q8nH4f9LFCXKUyH7Xr9e8U,10000000
3DxZ7VyBFb8jgmHUcELXQmMC3cuG3NwyZe,1Jn58cfvxSZ4Q8nH4f9LFCXKUyH7Xr9e8U,10000000
3LiSrW2m9NikHBuo9sFEpFw4RW6E3DfMWc,1Jn58cfvxSZ4Q8nH4f9LFCXKUyH7Xr9e8U,10088670
3CMzdgU4fSusa9paQoBRrsCrhDuvX9fdS2,1Jn58cfvxSZ4Q8nH4f9LFCXKUyH7Xr9e8U,46729000
3QisGBoEdPk8a6HFwxi6v7gLRyhYzTT4EB,1Jn58cfvxSZ4Q8nH4f9LFCXKUyH7Xr9e8U,10000000
3BhSdYzFH2GPcG4ZRgrjB7JE5tsUtiA81p,1Jn58cfvxSZ4Q8nH4f9LFCXKUyH7Xr9e8U,9009000
3JBPP7UGAg216BzAhv36ubJxzBrPSmwwDZ,1Jn58cfvxSZ4Q8nH4f9LFCXKUyH7Xr9e8U,9990000
1Hg3xpt3y4EApuCEB8wfotBWYex1wB5EkN,15D53stooH3QKghv7q3efyQS5SGtCxJdNu,74268665
1Hg3xpt3y4EApuCEB8wfotBWYex1wB5EkN,1SGxktUnLZ4JG4r2TtsKMN9txf3Boq4Ln,86670509
1EWGuV3zWdWfPDZKGn6poBjZMMemTvLr45,1Hg3xpt3y4EApuCEB8wfotBWYex1wB5EkN,236998450
1PR1NwihxUJ6chYX7YPyDqbhgQ7G6Q866D,1EWGuV3zWdWfPDZKGn6poBjZMMemTvLr45,236998450
1PR1NwihxUJ6chYX7YPyDqbhgQ7G6Q866D,1QAaYSv1bt3kDtYmK6suEKab5XsgmaJE33,2704680
149PptDDd4WejS7ipQ4rahfnk28QUcY74h,1PR1NwihxUJ6chYX7YPyDqbhgQ7G6Q866D,319860666
